capturedAt,label,state,foodForm,foodName,sampleNote,sourceRow,time,mq2,mq3,mq135,temperatureC,humidityPct,gasIndex
2026-05-02T00:20:55.903Z,empty_baseline,empty,empty,empty_container,empty container baseline before rotten pomegranate and cooked rice samples,897,5/2/2026 5:45:34,0,526,17,35.8,63.4,526
2026-05-02T00:20:55.903Z,empty_baseline,empty,empty,empty_container,empty container baseline before rotten pomegranate and cooked rice samples,898,5/2/2026 5:45:39,0,531,18,35.9,63.9,531
2026-05-02T00:20:55.903Z,empty_baseline,empty,empty,empty_container,empty container baseline before rotten pomegranate and cooked rice samples,899,5/2/2026 5:45:45,0,521,16,35.8,63.8,521
2026-05-02T00:20:55.903Z,empty_baseline,empty,empty,empty_container,empty container baseline before rotten pomegranate and cooked rice samples,900,5/2/2026 5:45:50,0,528,15,35.7,63.6,528
2026-05-02T00:20:55.903Z,empty_baseline,empty,empty,empty_container,empty container baseline before rotten pomegranate and cooked rice samples,901,5/2/2026 5:45:55,0,524,18,35.8,63.7,524
2026-05-02T00:20:55.903Z,empty_baseline,empty,empty,empty_container,empty container baseline before rotten pomegranate and cooked rice samples,902,5/2/2026 5:46:01,0,527,18,35.8,63.8,527
2026-05-02T00:20:55.903Z,empty_baseline,empty,empty,empty_container,empty container baseline before rotten pomegranate and cooked rice samples,903,5/2/2026 5:46:06,0,511,10,35.8,63.7,511
2026-05-02T00:20:55.903Z,empty_baseline,empty,empty,empty_container,empty container baseline before rotten pomegranate and cooked rice samples,904,5/2/2026 5:46:11,0,528,17,35.8,63.4,528
2026-05-02T00:20:55.903Z,empty_baseline,empty,empty,empty_container,empty container baseline before rotten pomegranate and cooked rice samples,905,5/2/2026 5:46:16,0,524,9,35.8,63.5,524
2026-05-02T00:20:55.903Z,empty_baseline,empty,empty,empty_container,empty container baseline before rotten pomegranate and cooked rice samples,906,5/2/2026 5:46:23,0,528,14,35.8,63.7,528
2026-05-02T00:20:55.903Z,empty_baseline,empty,empty,empty_container,empty container baseline before rotten pomegranate and cooked rice samples,907,5/2/2026 5:46:28,0,511,16,35.9,63.6,511
2026-05-02T00:20:55.903Z,empty_baseline,empty,empty,empty_container,empty container baseline before rotten pomegranate and cooked rice samples,908,5/2/2026 5:46:33,0,528,16,35.8,63.8,528
2026-05-02T00:20:55.903Z,empty_baseline,empty,empty,empty_container,empty container baseline before rotten pomegranate and cooked rice samples,909,5/2/2026 5:46:39,0,528,18,35.9,63.7,528
2026-05-02T00:20:55.903Z,empty_baseline,empty,empty,empty_container,empty container baseline before rotten pomegranate and cooked rice samples,910,5/2/2026 5:46:44,0,528,16,35.8,63.8,528
2026-05-02T00:20:55.903Z,empty_baseline,empty,empty,empty_container,empty container baseline before rotten pomegranate and cooked rice samples,911,5/2/2026 5:46:49,0,522,16,35.8,63.8,522
2026-05-02T00:20:55.903Z,empty_baseline,empty,empty,empty_container,empty container baseline before rotten pomegranate and cooked rice samples,912,5/2/2026 5:46:55,0,528,16,35.8,63.7,528
2026-05-02T00:20:55.903Z,empty_baseline,empty,empty,empty_container,empty container baseline before rotten pomegranate and cooked rice samples,913,5/2/2026 5:47:00,0,527,16,35.8,63.6,527
2026-05-02T00:20:55.903Z,empty_baseline,empty,empty,empty_container,empty container baseline before rotten pomegranate and cooked rice samples,914,5/2/2026 5:47:05,0,528,17,35.8,63.7,528
2026-05-02T00:20:55.903Z,empty_baseline,empty,empty,empty_container,empty container baseline before rotten pomegranate and cooked rice samples,915,5/2/2026 5:47:10,0,527,16,35.8,63.6,527
2026-05-02T00:20:55.903Z,empty_baseline,empty,empty,empty_container,empty container baseline before rotten pomegranate and cooked rice samples,916,5/2/2026 5:47:15,0,528,14,35.8,63.4,528
2026-05-02T00:20:55.903Z,empty_baseline,empty,empty,empty_container,empty container baseline before rotten pomegranate and cooked rice samples,917,5/2/2026 5:47:20,0,526,16,35.8,63.8,526
2026-05-02T00:20:55.903Z,empty_baseline,empty,empty,empty_container,empty container baseline before rotten pomegranate and cooked rice samples,918,5/2/2026 5:47:26,0,523,0,35.8,63.8,523
2026-05-02T00:20:55.903Z,empty_baseline,empty,empty,empty_container,empty container baseline before rotten pomegranate and cooked rice samples,919,5/2/2026 5:47:31,0,524,12,35.8,63.6,524
2026-05-02T00:20:55.903Z,empty_baseline,empty,empty,empty_container,empty container baseline before rotten pomegranate and cooked rice samples,920,5/2/2026 5:47:36,0,524,18,35.8,63.7,524
2026-05-02T00:20:55.903Z,empty_baseline,empty,empty,empty_container,empty container baseline before rotten pomegranate and cooked rice samples,921,5/2/2026 5:47:41,0,528,16,35.8,63.6,528
2026-05-02T00:20:55.903Z,empty_baseline,empty,empty,empty_container,empty container baseline before rotten pomegranate and cooked rice samples,922,5/2/2026 5:47:47,0,511,16,35.8,63.8,511
2026-05-02T00:20:55.903Z,empty_baseline,empty,empty,empty_container,empty container baseline before rotten pomegranate and cooked rice samples,923,5/2/2026 5:47:52,0,525,16,35.8,63.5,525
2026-05-02T00:20:55.903Z,empty_baseline,empty,empty,empty_container,empty container baseline before rotten pomegranate and cooked rice samples,924,5/2/2026 5:47:58,0,527,20,35.8,63.7,527
2026-05-02T00:20:55.903Z,empty_baseline,empty,empty,empty_container,empty container baseline before rotten pomegranate and cooked rice samples,925,5/2/2026 5:48:03,0,525,14,35.8,63.6,525
2026-05-02T00:20:55.903Z,empty_baseline,empty,empty,empty_container,empty container baseline before rotten pomegranate and cooked rice samples,926,5/2/2026 5:48:08,0,525,17,35.8,63.7,525
2026-05-02T00:20:55.903Z,empty_baseline,empty,empty,empty_container,empty container baseline before rotten pomegranate and cooked rice samples,927,5/2/2026 5:48:13,0,523,22,35.8,63.6,523
2026-05-02T00:20:55.903Z,empty_baseline,empty,empty,empty_container,empty container baseline before rotten pomegranate and cooked rice samples,928,5/2/2026 5:48:19,0,524,16,35.8,63.8,524
2026-05-02T00:20:55.903Z,empty_baseline,empty,empty,empty_container,empty container baseline before rotten pomegranate and cooked rice samples,929,5/2/2026 5:48:24,0,509,15,35.8,63.6,509
2026-05-02T00:20:55.903Z,empty_baseline,empty,empty,empty_container,empty container baseline before rotten pomegranate and cooked rice samples,930,5/2/2026 5:48:29,0,511,17,35.7,63.6,511
2026-05-02T00:20:55.903Z,empty_baseline,empty,empty,empty_container,empty container baseline before rotten pomegranate and cooked rice samples,931,5/2/2026 5:48:34,0,523,16,35.7,63.7,523
2026-05-02T00:20:55.903Z,empty_baseline,empty,empty,empty_container,empty container baseline before rotten pomegranate and cooked rice samples,932,5/2/2026 5:48:39,0,511,16,35.8,63.9,511
2026-05-02T00:20:55.903Z,empty_baseline,empty,empty,empty_container,empty container baseline before rotten pomegranate and cooked rice samples,933,5/2/2026 5:48:44,0,528,23,35.8,63.7,528
2026-05-02T00:20:55.903Z,empty_baseline,empty,empty,empty_container,empty container baseline before rotten pomegranate and cooked rice samples,934,5/2/2026 5:48:49,0,526,11,35.7,63.8,526
2026-05-02T00:20:55.903Z,empty_baseline,empty,empty,empty_container,empty container baseline before rotten pomegranate and cooked rice samples,935,5/2/2026 5:48:54,0,532,16,35.8,63.7,532
2026-05-02T00:20:55.903Z,empty_baseline,empty,empty,empty_container,empty container baseline before rotten pomegranate and cooked rice samples,936,5/2/2026 5:48:59,0,526,13,35.7,63.9,526
2026-05-02T00:20:55.903Z,empty_baseline,empty,empty,empty_container,empty container baseline before rotten pomegranate and cooked rice samples,937,5/2/2026 5:49:05,0,511,21,35.8,63.7,511
2026-05-02T00:20:55.903Z,empty_baseline,empty,empty,empty_container,empty container baseline before rotten pomegranate and cooked rice samples,938,5/2/2026 5:49:12,0,528,14,35.8,63.9,528
2026-05-02T00:20:55.903Z,empty_baseline,empty,empty,empty_container,empty container baseline before rotten pomegranate and cooked rice samples,939,5/2/2026 5:49:18,0,511,18,35.8,63.5,511
2026-05-02T00:20:55.903Z,empty_baseline,empty,empty,empty_container,empty container baseline before rotten pomegranate and cooked rice samples,940,5/2/2026 5:49:23,0,528,20,35.8,63.9,528
2026-05-02T00:20:55.903Z,empty_baseline,empty,empty,empty_container,empty container baseline before rotten pomegranate and cooked rice samples,941,5/2/2026 5:49:29,0,525,16,35.8,63.7,525
2026-05-02T00:20:55.903Z,empty_baseline,empty,empty,empty_container,empty container baseline before rotten pomegranate and cooked rice samples,942,5/2/2026 5:49:34,0,527,21,35.8,63.6,527
2026-05-02T00:20:55.903Z,empty_baseline,empty,empty,empty_container,empty container baseline before rotten pomegranate and cooked rice samples,943,5/2/2026 5:49:39,0,527,12,35.8,63.6,527
2026-05-02T00:20:55.903Z,empty_baseline,empty,empty,empty_container,empty container baseline before rotten pomegranate and cooked rice samples,944,5/2/2026 5:49:45,0,528,15,35.7,63.6,528
2026-05-02T00:20:55.903Z,empty_baseline,empty,empty,empty_container,empty container baseline before rotten pomegranate and cooked rice samples,945,5/2/2026 5:49:50,0,526,15,35.8,63.6,526
2026-05-02T00:20:55.903Z,empty_baseline,empty,empty,empty_container,empty container baseline before rotten pomegranate and cooked rice samples,946,5/2/2026 5:49:55,0,528,16,35.7,63.7,528
2026-05-02T00:20:55.903Z,empty_baseline,empty,empty,empty_container,empty container baseline before rotten pomegranate and cooked rice samples,947,5/2/2026 5:50:01,0,522,14,35.7,63.6,522
2026-05-02T00:20:55.903Z,empty_baseline,empty,empty,empty_container,empty container baseline before rotten pomegranate and cooked rice samples,948,5/2/2026 5:50:06,0,526,16,35.8,63.5,526
2026-05-02T00:20:55.903Z,empty_baseline,empty,empty,empty_container,empty container baseline before rotten pomegranate and cooked rice samples,949,5/2/2026 5:50:12,0,528,16,35.8,63.9,528
2026-05-02T00:20:55.903Z,empty_baseline,empty,empty,empty_container,empty container baseline before rotten pomegranate and cooked rice samples,950,5/2/2026 5:50:18,0,510,11,35.8,63.6,510
2026-05-02T00:20:55.903Z,empty_baseline,empty,empty,empty_container,empty container baseline before rotten pomegranate and cooked rice samples,951,5/2/2026 5:50:26,0,528,15,35.8,63.7,528
2026-05-02T00:20:55.903Z,empty_baseline,empty,empty,empty_container,empty container baseline before rotten pomegranate and cooked rice samples,952,5/2/2026 5:50:31,0,528,12,35.7,63.9,528
2026-05-02T00:20:55.903Z,empty_baseline,empty,empty,empty_container,empty container baseline before rotten pomegranate and cooked rice samples,953,5/2/2026 5:50:37,0,524,17,35.8,64.1,524
2026-05-02T00:20:55.903Z,empty_baseline,empty,empty,empty_container,empty container baseline before rotten pomegranate and cooked rice samples,954,5/2/2026 5:50:42,0,523,16,35.8,63.7,523
2026-05-02T00:20:55.903Z,empty_baseline,empty,empty,empty_container,empty container baseline before rotten pomegranate and cooked rice samples,955,5/2/2026 5:50:47,0,524,16,35.8,63.8,524
2026-05-02T00:20:55.903Z,empty_baseline,empty,empty,empty_container,empty container baseline before rotten pomegranate and cooked rice samples,956,5/2/2026 5:50:52,0,528,17,35.8,63.9,528
2026-05-02T00:39:02.056Z,rotten_pomegranate,rotten,raw,pomegranate,rotten pomegranate sample recaptured from exact requested window,1071,5/2/2026 6:02:00,417,2925,886,35.8,69.9,100
2026-05-02T00:39:02.056Z,rotten_pomegranate,rotten,raw,pomegranate,rotten pomegranate sample recaptured from exact requested window,1072,5/2/2026 6:02:07,413,2913,868,35.8,70.2,100
2026-05-02T00:39:02.056Z,rotten_pomegranate,rotten,raw,pomegranate,rotten pomegranate sample recaptured from exact requested window,1073,5/2/2026 6:02:12,415,2886,879,35.7,70.2,100
2026-05-02T00:39:02.056Z,rotten_pomegranate,rotten,raw,pomegranate,rotten pomegranate sample recaptured from exact requested window,1074,5/2/2026 6:02:17,426,2928,895,35.8,70.6,100
2026-05-02T00:39:02.056Z,rotten_pomegranate,rotten,raw,pomegranate,rotten pomegranate sample recaptured from exact requested window,1075,5/2/2026 6:02:22,432,2943,893,35.8,70.1,100
2026-05-02T00:39:02.056Z,rotten_pomegranate,rotten,raw,pomegranate,rotten pomegranate sample recaptured from exact requested window,1076,5/2/2026 6:02:27,427,2938,879,35.8,70.4,100
2026-05-02T00:39:02.056Z,rotten_pomegranate,rotten,raw,pomegranate,rotten pomegranate sample recaptured from exact requested window,1077,5/2/2026 6:02:33,430,2945,896,35.8,70.6,100
2026-05-02T00:39:02.056Z,rotten_pomegranate,rotten,raw,pomegranate,rotten pomegranate sample recaptured from exact requested window,1078,5/2/2026 6:02:38,413,2944,910,35.8,70.4,100
2026-05-02T00:39:02.056Z,rotten_pomegranate,rotten,raw,pomegranate,rotten pomegranate sample recaptured from exact requested window,1079,5/2/2026 6:02:44,399,2947,887,35.8,70.1,100
2026-05-02T00:39:02.056Z,rotten_pomegranate,rotten,raw,pomegranate,rotten pomegranate sample recaptured from exact requested window,1080,5/2/2026 6:02:52,394,2960,905,35.8,70.1,100
2026-05-02T00:39:02.056Z,rotten_pomegranate,rotten,raw,pomegranate,rotten pomegranate sample recaptured from exact requested window,1081,5/2/2026 6:02:58,400,2978,917,35.8,70,100
2026-05-02T00:39:02.056Z,rotten_pomegranate,rotten,raw,pomegranate,rotten pomegranate sample recaptured from exact requested window,1082,5/2/2026 6:03:03,405,2988,928,35.8,70.3,100
2026-05-02T00:39:02.056Z,rotten_pomegranate,rotten,raw,pomegranate,rotten pomegranate sample recaptured from exact requested window,1083,5/2/2026 6:03:10,407,2988,934,35.8,70.1,100
2026-05-02T00:39:02.056Z,rotten_pomegranate,rotten,raw,pomegranate,rotten pomegranate sample recaptured from exact requested window,1084,5/2/2026 6:03:15,405,2983,912,35.8,70.3,100
2026-05-02T00:39:02.056Z,rotten_pomegranate,rotten,raw,pomegranate,rotten pomegranate sample recaptured from exact requested window,1085,5/2/2026 6:03:20,412,2992,912,35.7,70.1,100
2026-05-02T00:39:02.056Z,rotten_pomegranate,rotten,raw,pomegranate,rotten pomegranate sample recaptured from exact requested window,1086,5/2/2026 6:03:26,417,2973,906,35.8,70.4,100
2026-05-02T00:39:02.056Z,rotten_pomegranate,rotten,raw,pomegranate,rotten pomegranate sample recaptured from exact requested window,1087,5/2/2026 6:03:33,411,2911,868,35.8,70,100
2026-05-02T00:39:02.056Z,rotten_pomegranate,rotten,raw,pomegranate,rotten pomegranate sample recaptured from exact requested window,1088,5/2/2026 6:03:42,400,2963,912,35.8,70.1,100
2026-05-02T00:39:02.056Z,rotten_pomegranate,rotten,raw,pomegranate,rotten pomegranate sample recaptured from exact requested window,1089,5/2/2026 6:03:50,405,2967,903,35.8,70.4,100
2026-05-02T00:39:02.056Z,rotten_pomegranate,rotten,raw,pomegranate,rotten pomegranate sample recaptured from exact requested window,1090,5/2/2026 6:03:58,403,2954,887,35.8,69.9,100
2026-05-02T00:39:02.056Z,rotten_pomegranate,rotten,raw,pomegranate,rotten pomegranate sample recaptured from exact requested window,1091,5/2/2026 6:04:06,414,2933,888,35.8,70.5,100
2026-05-02T00:39:02.056Z,rotten_pomegranate,rotten,raw,pomegranate,rotten pomegranate sample recaptured from exact requested window,1092,5/2/2026 6:04:12,419,2970,919,35.8,70.1,100
2026-05-02T00:39:02.056Z,rotten_pomegranate,rotten,raw,pomegranate,rotten pomegranate sample recaptured from exact requested window,1093,5/2/2026 6:04:17,415,2967,914,35.8,70.2,100
2026-05-02T00:39:02.056Z,rotten_pomegranate,rotten,raw,pomegranate,rotten pomegranate sample recaptured from exact requested window,1094,5/2/2026 6:04:24,401,2991,910,35.8,70.4,100
2026-05-02T00:39:02.056Z,rotten_pomegranate,rotten,raw,pomegranate,rotten pomegranate sample recaptured from exact requested window,1095,5/2/2026 6:04:29,400,2972,901,35.8,70,100
2026-05-02T00:39:02.056Z,rotten_pomegranate,rotten,raw,pomegranate,rotten pomegranate sample recaptured from exact requested window,1096,5/2/2026 6:04:35,407,2992,913,35.8,70.3,100
2026-05-02T00:39:02.056Z,rotten_pomegranate,rotten,raw,pomegranate,rotten pomegranate sample recaptured from exact requested window,1097,5/2/2026 6:04:40,421,2997,925,35.8,70.2,100
2026-05-02T00:39:02.056Z,rotten_pomegranate,rotten,raw,pomegranate,rotten pomegranate sample recaptured from exact requested window,1098,5/2/2026 6:04:45,420,3009,915,35.8,70.4,100
2026-05-02T00:39:02.056Z,rotten_pomegranate,rotten,raw,pomegranate,rotten pomegranate sample recaptured from exact requested window,1099,5/2/2026 6:04:50,425,3004,930,35.8,70.5,100
2026-05-02T00:39:02.056Z,rotten_pomegranate,rotten,raw,pomegranate,rotten pomegranate sample recaptured from exact requested window,1100,5/2/2026 6:04:56,434,3011,927,35.8,70.3,100
2026-05-02T00:39:02.056Z,rotten_pomegranate,rotten,raw,pomegranate,rotten pomegranate sample recaptured from exact requested window,1101,5/2/2026 6:05:01,429,3024,929,35.8,70.3,100
2026-05-02T00:39:02.056Z,rotten_pomegranate,rotten,raw,pomegranate,rotten pomegranate sample recaptured from exact requested window,1102,5/2/2026 6:05:06,417,3005,922,35.8,70.6,100
2026-05-02T00:39:02.056Z,rotten_pomegranate,rotten,raw,pomegranate,rotten pomegranate sample recaptured from exact requested window,1103,5/2/2026 6:05:12,431,3029,943,35.8,70.5,100
2026-05-02T00:39:02.056Z,rotten_pomegranate,rotten,raw,pomegranate,rotten pomegranate sample recaptured from exact requested window,1104,5/2/2026 6:05:17,418,3030,933,35.8,70.4,100
2026-05-02T00:39:02.056Z,rotten_pomegranate,rotten,raw,pomegranate,rotten pomegranate sample recaptured from exact requested window,1105,5/2/2026 6:05:22,414,3038,943,35.8,70.7,100
2026-05-02T00:39:02.056Z,rotten_pomegranate,rotten,raw,pomegranate,rotten pomegranate sample recaptured from exact requested window,1106,5/2/2026 6:05:27,423,3027,928,35.8,70.4,100
2026-05-02T00:39:02.056Z,rotten_pomegranate,rotten,raw,pomegranate,rotten pomegranate sample recaptured from exact requested window,1107,5/2/2026 6:05:32,432,3052,939,35.8,70.8,100
2026-05-02T00:39:02.056Z,rotten_pomegranate,rotten,raw,pomegranate,rotten pomegranate sample recaptured from exact requested window,1108,5/2/2026 6:05:37,432,3034,934,35.8,70.7,100
2026-05-02T00:39:02.056Z,rotten_pomegranate,rotten,raw,pomegranate,rotten pomegranate sample recaptured from exact requested window,1109,5/2/2026 6:05:42,431,3045,937,35.8,70.7,100
2026-05-02T00:39:02.056Z,rotten_pomegranate,rotten,raw,pomegranate,rotten pomegranate sample recaptured from exact requested window,1110,5/2/2026 6:05:47,429,3031,928,35.8,71,100
2026-05-02T00:39:02.056Z,rotten_pomegranate,rotten,raw,pomegranate,rotten pomegranate sample recaptured from exact requested window,1111,5/2/2026 6:05:51,422,3048,940,35.8,70.6,100
2026-05-02T00:39:02.056Z,rotten_pomegranate,rotten,raw,pomegranate,rotten pomegranate sample recaptured from exact requested window,1112,5/2/2026 6:05:56,430,3040,934,35.9,70.7,100
2026-05-02T00:39:02.056Z,rotten_pomegranate,rotten,raw,pomegranate,rotten pomegranate sample recaptured from exact requested window,1113,5/2/2026 6:06:02,417,2993,912,35.8,70.7,100
2026-05-02T00:39:02.056Z,rotten_pomegranate,rotten,raw,pomegranate,rotten pomegranate sample recaptured from exact requested window,1114,5/2/2026 6:06:07,427,3036,933,35.8,71,100
2026-05-02T00:39:02.056Z,rotten_pomegranate,rotten,raw,pomegranate,rotten pomegranate sample recaptured from exact requested window,1115,5/2/2026 6:06:14,433,3035,921,35.8,71,100
2026-05-02T00:39:02.056Z,rotten_pomegranate,rotten,raw,pomegranate,rotten pomegranate sample recaptured from exact requested window,1116,5/2/2026 6:06:19,432,3024,912,35.8,70.7,100
2026-05-02T00:39:02.056Z,rotten_pomegranate,rotten,raw,pomegranate,rotten pomegranate sample recaptured from exact requested window,1117,5/2/2026 6:06:24,432,3024,918,35.8,70.6,100
2026-05-02T00:39:02.056Z,rotten_pomegranate,rotten,raw,pomegranate,rotten pomegranate sample recaptured from exact requested window,1118,5/2/2026 6:06:28,431,3028,924,35.8,70.6,100
2026-05-02T00:39:02.056Z,rotten_pomegranate,rotten,raw,pomegranate,rotten pomegranate sample recaptured from exact requested window,1119,5/2/2026 6:06:33,425,3024,913,35.8,70.5,100
2026-05-02T00:39:02.056Z,rotten_pomegranate,rotten,raw,pomegranate,rotten pomegranate sample recaptured from exact requested window,1120,5/2/2026 6:06:39,432,3041,936,35.8,70.8,100
2026-05-02T00:39:02.056Z,rotten_pomegranate,rotten,raw,pomegranate,rotten pomegranate sample recaptured from exact requested window,1121,5/2/2026 6:06:43,428,3044,929,35.8,70.6,100
2026-05-02T00:39:02.056Z,rotten_pomegranate,rotten,raw,pomegranate,rotten pomegranate sample recaptured from exact requested window,1122,5/2/2026 6:06:48,432,3053,938,35.8,70.7,100
2026-05-02T00:39:02.056Z,rotten_pomegranate,rotten,raw,pomegranate,rotten pomegranate sample recaptured from exact requested window,1123,5/2/2026 6:06:53,422,3011,914,35.8,70.8,100
2026-05-02T00:39:02.056Z,rotten_pomegranate,rotten,raw,pomegranate,rotten pomegranate sample recaptured from exact requested window,1124,5/2/2026 6:06:58,427,3043,933,35.8,70.6,100
2026-05-02T00:39:02.056Z,rotten_pomegranate,rotten,raw,pomegranate,rotten pomegranate sample recaptured from exact requested window,1125,5/2/2026 6:07:03,432,3035,922,35.8,70.8,100
2026-05-02T00:39:02.056Z,rotten_pomegranate,rotten,raw,pomegranate,rotten pomegranate sample recaptured from exact requested window,1126,5/2/2026 6:07:08,414,3013,915,35.7,70.8,100
2026-05-02T00:39:02.056Z,rotten_pomegranate,rotten,raw,pomegranate,rotten pomegranate sample recaptured from exact requested window,1127,5/2/2026 6:07:12,421,3024,945,35.8,70.7,100
2026-05-02T00:39:02.056Z,rotten_pomegranate,rotten,raw,pomegranate,rotten pomegranate sample recaptured from exact requested window,1128,5/2/2026 6:07:17,432,3055,933,35.8,70.4,100
2026-05-02T00:39:02.056Z,rotten_pomegranate,rotten,raw,pomegranate,rotten pomegranate sample recaptured from exact requested window,1129,5/2/2026 6:07:22,438,3067,955,35.7,70.9,100
2026-05-02T00:39:02.056Z,rotten_pomegranate,rotten,raw,pomegranate,rotten pomegranate sample recaptured from exact requested window,1130,5/2/2026 6:07:27,445,3062,947,35.8,70.7,100
2026-05-02T00:39:02.056Z,rotten_pomegranate,rotten,raw,pomegranate,rotten pomegranate sample recaptured from exact requested window,1131,5/2/2026 6:07:34,428,3071,960,35.8,70.8,100
2026-05-02T00:39:02.056Z,rotten_pomegranate,rotten,raw,pomegranate,rotten pomegranate sample recaptured from exact requested window,1132,5/2/2026 6:07:39,416,3094,961,35.8,71.2,100
2026-05-02T00:39:02.056Z,rotten_pomegranate,rotten,raw,pomegranate,rotten pomegranate sample recaptured from exact requested window,1133,5/2/2026 6:07:45,442,3033,938,35.7,70.7,100
2026-05-02T00:39:02.056Z,rotten_pomegranate,rotten,raw,pomegranate,rotten pomegranate sample recaptured from exact requested window,1134,5/2/2026 6:07:50,447,3097,955,35.8,70.9,100
2026-05-02T00:39:02.056Z,rotten_pomegranate,rotten,raw,pomegranate,rotten pomegranate sample recaptured from exact requested window,1135,5/2/2026 6:07:56,438,3093,955,35.8,70.8,100
2026-05-02T00:59:06.952Z,rotten_cooked_rice,rotten,cooked,rice,rotten cooked rice sample requested window,1269,5/2/2026 6:20:01,0,1044,81,33.7,76.2,100
2026-05-02T00:59:06.952Z,rotten_cooked_rice,rotten,cooked,rice,rotten cooked rice sample requested window,1270,5/2/2026 6:20:06,0,1042,86,33.8,76.1,100
2026-05-02T00:59:06.952Z,rotten_cooked_rice,rotten,cooked,rice,rotten cooked rice sample requested window,1271,5/2/2026 6:20:11,0,1018,80,33.9,76.3,100
2026-05-02T00:59:06.952Z,rotten_cooked_rice,rotten,cooked,rice,rotten cooked rice sample requested window,1272,5/2/2026 6:20:17,0,1040,90,33.7,76.1,100
2026-05-02T00:59:06.952Z,rotten_cooked_rice,rotten,cooked,rice,rotten cooked rice sample requested window,1273,5/2/2026 6:20:22,0,1045,83,33.9,76.2,100
2026-05-02T00:59:06.952Z,rotten_cooked_rice,rotten,cooked,rice,rotten cooked rice sample requested window,1274,5/2/2026 6:20:26,0,1053,83,33.8,76.1,100
2026-05-02T00:59:06.952Z,rotten_cooked_rice,rotten,cooked,rice,rotten cooked rice sample requested window,1275,5/2/2026 6:20:35,0,1055,88,33.8,76.3,100
2026-05-02T00:59:06.952Z,rotten_cooked_rice,rotten,cooked,rice,rotten cooked rice sample requested window,1276,5/2/2026 6:20:40,0,1056,87,33.9,76.2,100
2026-05-02T00:59:06.952Z,rotten_cooked_rice,rotten,cooked,rice,rotten cooked rice sample requested window,1277,5/2/2026 6:20:44,0,1038,89,33.9,76.1,100
2026-05-02T00:59:06.952Z,rotten_cooked_rice,rotten,cooked,rice,rotten cooked rice sample requested window,1278,5/2/2026 6:20:49,0,1040,83,33.9,76,100
2026-05-02T00:59:06.952Z,rotten_cooked_rice,rotten,cooked,rice,rotten cooked rice sample requested window,1279,5/2/2026 6:20:53,0,1057,87,33.9,76.1,100
2026-05-02T00:59:06.952Z,rotten_cooked_rice,rotten,cooked,rice,rotten cooked rice sample requested window,1280,5/2/2026 6:20:58,0,1040,86,33.9,76.1,100
2026-05-02T00:59:06.952Z,rotten_cooked_rice,rotten,cooked,rice,rotten cooked rice sample requested window,1281,5/2/2026 6:21:03,0,1063,86,33.9,76.2,100
2026-05-02T00:59:06.952Z,rotten_cooked_rice,rotten,cooked,rice,rotten cooked rice sample requested window,1282,5/2/2026 6:21:07,0,1053,89,34,76,100
2026-05-02T00:59:06.952Z,rotten_cooked_rice,rotten,cooked,rice,rotten cooked rice sample requested window,1283,5/2/2026 6:21:12,0,1068,92,34,76.1,100
2026-05-02T00:59:06.952Z,rotten_cooked_rice,rotten,cooked,rice,rotten cooked rice sample requested window,1284,5/2/2026 6:21:18,0,1063,89,34,76.1,100
2026-05-02T00:59:06.952Z,rotten_cooked_rice,rotten,cooked,rice,rotten cooked rice sample requested window,1285,5/2/2026 6:21:22,0,1050,97,34.1,76.1,100
2026-05-02T00:59:06.952Z,rotten_cooked_rice,rotten,cooked,rice,rotten cooked rice sample requested window,1286,5/2/2026 6:21:27,0,1066,93,34,75.9,100
2026-05-02T00:59:06.952Z,rotten_cooked_rice,rotten,cooked,rice,rotten cooked rice sample requested window,1287,5/2/2026 6:21:32,0,1056,94,34.1,76.1,100
2026-05-02T00:59:06.952Z,rotten_cooked_rice,rotten,cooked,rice,rotten cooked rice sample requested window,1288,5/2/2026 6:21:38,0,1071,98,34.2,76,100
2026-05-02T00:59:06.952Z,rotten_cooked_rice,rotten,cooked,rice,rotten cooked rice sample requested window,1289,5/2/2026 6:21:43,0,1062,86,34.1,76,100
2026-05-02T00:59:06.952Z,rotten_cooked_rice,rotten,cooked,rice,rotten cooked rice sample requested window,1290,5/2/2026 6:21:48,0,1070,98,34.2,76,100
2026-05-02T00:59:06.952Z,rotten_cooked_rice,rotten,cooked,rice,rotten cooked rice sample requested window,1291,5/2/2026 6:21:53,0,1074,90,34.2,75.8,100
2026-05-02T00:59:06.952Z,rotten_cooked_rice,rotten,cooked,rice,rotten cooked rice sample requested window,1292,5/2/2026 6:21:58,0,1063,98,34.2,75.9,100
2026-05-02T00:59:06.952Z,rotten_cooked_rice,rotten,cooked,rice,rotten cooked rice sample requested window,1293,5/2/2026 6:22:03,0,1075,100,34.2,76,100
2026-05-02T00:59:06.952Z,rotten_cooked_rice,rotten,cooked,rice,rotten cooked rice sample requested window,1294,5/2/2026 6:22:09,0,1072,97,34.3,75.8,100
2026-05-02T00:59:06.952Z,rotten_cooked_rice,rotten,cooked,rice,rotten cooked rice sample requested window,1295,5/2/2026 6:22:17,0,1054,93,34.2,75.9,100
2026-05-02T00:59:06.952Z,rotten_cooked_rice,rotten,cooked,rice,rotten cooked rice sample requested window,1296,5/2/2026 6:22:22,0,1066,93,34.3,75.8,100
2026-05-02T00:59:06.952Z,rotten_cooked_rice,rotten,cooked,rice,rotten cooked rice sample requested window,1297,5/2/2026 6:22:27,0,1041,87,34.2,75.9,100
2026-05-02T00:59:06.952Z,rotten_cooked_rice,rotten,cooked,rice,rotten cooked rice sample requested window,1298,5/2/2026 6:22:32,0,1061,93,34.3,75.7,100
2026-05-02T00:59:06.952Z,rotten_cooked_rice,rotten,cooked,rice,rotten cooked rice sample requested window,1299,5/2/2026 6:22:36,0,1061,94,34.3,75.8,100
2026-05-02T00:59:06.952Z,rotten_cooked_rice,rotten,cooked,rice,rotten cooked rice sample requested window,1300,5/2/2026 6:22:41,0,1062,92,34.3,76,100
2026-05-02T00:59:06.952Z,rotten_cooked_rice,rotten,cooked,rice,rotten cooked rice sample requested window,1301,5/2/2026 6:22:47,0,1083,95,34.3,75.7,100
2026-05-02T00:59:06.952Z,rotten_cooked_rice,rotten,cooked,rice,rotten cooked rice sample requested window,1302,5/2/2026 6:22:51,0,1066,89,34.3,75.7,100
2026-05-02T00:59:06.952Z,rotten_cooked_rice,rotten,cooked,rice,rotten cooked rice sample requested window,1303,5/2/2026 6:22:57,0,1071,93,34.5,75.5,100
2026-05-02T00:59:06.952Z,rotten_cooked_rice,rotten,cooked,rice,rotten cooked rice sample requested window,1304,5/2/2026 6:23:02,0,1076,99,34.4,75.8,100
2026-05-02T00:59:06.952Z,rotten_cooked_rice,rotten,cooked,rice,rotten cooked rice sample requested window,1305,5/2/2026 6:23:06,0,1061,91,34.4,75.7,100
2026-05-02T00:59:06.952Z,rotten_cooked_rice,rotten,cooked,rice,rotten cooked rice sample requested window,1306,5/2/2026 6:23:11,0,1083,94,34.4,75.7,100
2026-05-02T00:59:06.952Z,rotten_cooked_rice,rotten,cooked,rice,rotten cooked rice sample requested window,1307,5/2/2026 6:23:16,0,1083,96,34.4,75.8,100
2026-05-02T00:59:06.952Z,rotten_cooked_rice,rotten,cooked,rice,rotten cooked rice sample requested window,1308,5/2/2026 6:23:21,0,1077,101,34.5,75.8,100
2026-05-02T00:59:06.952Z,rotten_cooked_rice,rotten,cooked,rice,rotten cooked rice sample requested window,1309,5/2/2026 6:23:27,0,1083,96,34.5,75.8,100
2026-05-02T00:59:06.952Z,rotten_cooked_rice,rotten,cooked,rice,rotten cooked rice sample requested window,1310,5/2/2026 6:23:32,0,1079,97,34.5,75.8,100
2026-05-02T00:59:06.952Z,rotten_cooked_rice,rotten,cooked,rice,rotten cooked rice sample requested window,1311,5/2/2026 6:23:37,0,1088,100,34.4,75.7,100
2026-05-02T00:59:06.952Z,rotten_cooked_rice,rotten,cooked,rice,rotten cooked rice sample requested window,1312,5/2/2026 6:23:42,0,1091,109,34.5,75.7,100
2026-05-02T00:59:06.952Z,rotten_cooked_rice,rotten,cooked,rice,rotten cooked rice sample requested window,1313,5/2/2026 6:23:48,0,1079,96,34.5,75.8,100
2026-05-02T00:59:06.952Z,rotten_cooked_rice,rotten,cooked,rice,rotten cooked rice sample requested window,1314,5/2/2026 6:23:54,3,1089,105,34.5,75.8,100
2026-05-02T00:59:06.952Z,rotten_cooked_rice,rotten,cooked,rice,rotten cooked rice sample requested window,1315,5/2/2026 6:23:59,1,1089,103,34.5,75.6,100
2026-05-02T00:59:06.952Z,rotten_cooked_rice,rotten,cooked,rice,rotten cooked rice sample requested window,1316,5/2/2026 6:24:04,0,1099,100,34.5,75.7,100
2026-05-02T00:59:06.952Z,rotten_cooked_rice,rotten,cooked,rice,rotten cooked rice sample requested window,1317,5/2/2026 6:24:10,0,1092,101,34.6,75.1,100
2026-05-02T00:59:06.952Z,rotten_cooked_rice,rotten,cooked,rice,rotten cooked rice sample requested window,1318,5/2/2026 6:24:14,0,1101,105,34.6,75.8,100
2026-05-02T00:59:06.952Z,rotten_cooked_rice,rotten,cooked,rice,rotten cooked rice sample requested window,1319,5/2/2026 6:24:20,0,1098,101,34.6,75.3,100
2026-05-02T00:59:06.952Z,rotten_cooked_rice,rotten,cooked,rice,rotten cooked rice sample requested window,1320,5/2/2026 6:24:25,1,1099,97,34.6,75.3,100
2026-05-02T00:59:06.952Z,rotten_cooked_rice,rotten,cooked,rice,rotten cooked rice sample requested window,1321,5/2/2026 6:24:30,0,1090,101,34.6,75.5,100
2026-05-02T00:59:06.952Z,rotten_cooked_rice,rotten,cooked,rice,rotten cooked rice sample requested window,1322,5/2/2026 6:24:36,1,1101,96,34.5,75.6,100
2026-05-02T00:59:06.952Z,rotten_cooked_rice,rotten,cooked,rice,rotten cooked rice sample requested window,1323,5/2/2026 6:24:40,3,1101,107,34.6,75.5,100
2026-05-02T00:59:06.952Z,rotten_cooked_rice,rotten,cooked,rice,rotten cooked rice sample requested window,1324,5/2/2026 6:24:45,0,1103,106,34.6,75.3,100
2026-05-02T00:59:06.952Z,rotten_cooked_rice,rotten,cooked,rice,rotten cooked rice sample requested window,1325,5/2/2026 6:24:51,0,1091,99,34.6,75.4,100
2026-05-02T00:59:06.952Z,rotten_cooked_rice,rotten,cooked,rice,rotten cooked rice sample requested window,1326,5/2/2026 6:24:56,0,1088,110,34.6,75.4,100
2026-05-02T00:59:06.952Z,rotten_cooked_rice,rotten,cooked,rice,rotten cooked rice sample requested window,1327,5/2/2026 6:25:00,0,1106,102,34.6,75.4,100
2026-05-02T00:59:06.952Z,rotten_cooked_rice,rotten,cooked,rice,rotten cooked rice sample requested window,1328,5/2/2026 6:25:05,0,1113,107,34.6,75.2,100
2026-05-02T00:59:06.952Z,rotten_cooked_rice,rotten,cooked,rice,rotten cooked rice sample requested window,1329,5/2/2026 6:25:12,0,1091,100,34.7,75.5,100
2026-05-02T00:59:06.952Z,rotten_cooked_rice,rotten,cooked,rice,rotten cooked rice sample requested window,1330,5/2/2026 6:25:17,0,1104,107,34.6,75.3,100
2026-05-02T00:59:06.952Z,rotten_cooked_rice,rotten,cooked,rice,rotten cooked rice sample requested window,1331,5/2/2026 6:25:22,1,1113,111,34.8,75.5,100
2026-05-02T00:59:06.952Z,rotten_cooked_rice,rotten,cooked,rice,rotten cooked rice sample requested window,1332,5/2/2026 6:25:27,0,1104,112,34.8,75.2,100
2026-05-02T00:59:06.952Z,rotten_cooked_rice,rotten,cooked,rice,rotten cooked rice sample requested window,1333,5/2/2026 6:25:32,0,1091,108,34.7,75.4,100
2026-05-02T00:59:06.952Z,rotten_cooked_rice,rotten,cooked,rice,rotten cooked rice sample requested window,1334,5/2/2026 6:25:37,0,1092,99,34.7,75.4,100
2026-05-02T00:59:06.952Z,rotten_cooked_rice,rotten,cooked,rice,rotten cooked rice sample requested window,1335,5/2/2026 6:25:43,6,1106,112,34.8,75.4,100
2026-05-02T00:59:06.952Z,rotten_cooked_rice,rotten,cooked,rice,rotten cooked rice sample requested window,1336,5/2/2026 6:25:48,6,1115,105,34.7,75.6,100
2026-05-02T00:59:06.952Z,rotten_cooked_rice,rotten,cooked,rice,rotten cooked rice sample requested window,1337,5/2/2026 6:25:53,0,1112,108,34.7,75.5,100
2026-05-02T00:59:06.952Z,rotten_cooked_rice,rotten,cooked,rice,rotten cooked rice sample requested window,1338,5/2/2026 6:25:58,6,1109,121,34.8,75.4,100
2026-05-02T00:59:06.952Z,rotten_cooked_rice,rotten,cooked,rice,rotten cooked rice sample requested window,1339,5/2/2026 6:26:03,0,1118,112,34.8,75.6,100
2026-05-02T00:59:06.952Z,rotten_cooked_rice,rotten,cooked,rice,rotten cooked rice sample requested window,1340,5/2/2026 6:26:07,7,1122,109,34.7,75.4,100
2026-05-02T00:59:06.952Z,rotten_cooked_rice,rotten,cooked,rice,rotten cooked rice sample requested window,1341,5/2/2026 6:26:13,7,1120,113,34.8,75.4,100
2026-05-02T00:59:06.952Z,rotten_cooked_rice,rotten,cooked,rice,rotten cooked rice sample requested window,1342,5/2/2026 6:26:18,4,1121,112,34.8,75.5,100
2026-05-02T00:59:06.952Z,rotten_cooked_rice,rotten,cooked,rice,rotten cooked rice sample requested window,1343,5/2/2026 6:26:23,1,1125,113,34.7,75.6,100
2026-05-02T00:59:06.952Z,rotten_cooked_rice,rotten,cooked,rice,rotten cooked rice sample requested window,1344,5/2/2026 6:26:29,1,1125,112,34.9,75.6,100
2026-05-02T00:59:06.952Z,rotten_cooked_rice,rotten,cooked,rice,rotten cooked rice sample requested window,1345,5/2/2026 6:26:34,2,1115,108,34.8,75.8,100
2026-05-02T00:59:06.952Z,rotten_cooked_rice,rotten,cooked,rice,rotten cooked rice sample requested window,1346,5/2/2026 6:26:40,1,1117,109,34.8,75.6,100
2026-05-02T00:59:06.952Z,rotten_cooked_rice,rotten,cooked,rice,rotten cooked rice sample requested window,1347,5/2/2026 6:26:45,13,1126,117,34.8,75.4,100
2026-05-02T00:59:06.952Z,rotten_cooked_rice,rotten,cooked,rice,rotten cooked rice sample requested window,1348,5/2/2026 6:26:50,5,1129,115,34.9,75.4,100
2026-05-02T00:59:06.952Z,rotten_cooked_rice,rotten,cooked,rice,rotten cooked rice sample requested window,1349,5/2/2026 6:26:56,0,1127,112,34.8,75.6,100
2026-05-02T00:59:06.952Z,rotten_cooked_rice,rotten,cooked,rice,rotten cooked rice sample requested window,1350,5/2/2026 6:27:02,6,1113,112,34.9,75.4,100
2026-05-02T00:59:06.952Z,rotten_cooked_rice,rotten,cooked,rice,rotten cooked rice sample requested window,1351,5/2/2026 6:27:07,31,1107,107,34.9,75.5,100
2026-05-02T00:59:06.952Z,rotten_cooked_rice,rotten,cooked,rice,rotten cooked rice sample requested window,1352,5/2/2026 6:27:11,0,1113,111,34.9,75.5,100
2026-05-02T00:59:06.952Z,rotten_cooked_rice,rotten,cooked,rice,rotten cooked rice sample requested window,1353,5/2/2026 6:27:16,0,1125,112,34.9,75.5,100
2026-05-02T00:59:06.952Z,rotten_cooked_rice,rotten,cooked,rice,rotten cooked rice sample requested window,1354,5/2/2026 6:27:21,0,1120,113,34.9,75.6,100
2026-05-02T00:59:06.952Z,rotten_cooked_rice,rotten,cooked,rice,rotten cooked rice sample requested window,1355,5/2/2026 6:27:26,6,1125,108,34.9,75.5,100
2026-05-02T00:59:06.952Z,rotten_cooked_rice,rotten,cooked,rice,rotten cooked rice sample requested window,1356,5/2/2026 6:27:32,1,1125,115,34.9,75.4,100
2026-05-02T00:59:06.952Z,rotten_cooked_rice,rotten,cooked,rice,rotten cooked rice sample requested window,1357,5/2/2026 6:27:37,14,1123,113,34.9,75.6,100
2026-05-02T00:59:06.952Z,rotten_cooked_rice,rotten,cooked,rice,rotten cooked rice sample requested window,1358,5/2/2026 6:27:43,5,1136,119,34.9,75.7,100
2026-05-02T00:59:06.952Z,rotten_cooked_rice,rotten,cooked,rice,rotten cooked rice sample requested window,1359,5/2/2026 6:27:48,5,1135,114,34.9,75.5,100
2026-05-02T00:59:06.952Z,rotten_cooked_rice,rotten,cooked,rice,rotten cooked rice sample requested window,1360,5/2/2026 6:27:54,11,1136,119,34.9,75.5,100
2026-05-02T00:59:06.952Z,rotten_cooked_rice,rotten,cooked,rice,rotten cooked rice sample requested window,1361,5/2/2026 6:27:58,10,1142,120,34.9,75.2,100
2026-05-02T00:59:06.952Z,rotten_cooked_rice,rotten,cooked,rice,rotten cooked rice sample requested window,1362,5/2/2026 6:28:04,9,1143,121,35,75.4,100
2026-05-02T00:59:06.952Z,rotten_cooked_rice,rotten,cooked,rice,rotten cooked rice sample requested window,1363,5/2/2026 6:28:08,5,1136,123,34.9,75.4,100
2026-05-02T00:59:06.952Z,rotten_cooked_rice,rotten,cooked,rice,rotten cooked rice sample requested window,1364,5/2/2026 6:28:14,5,1141,121,34.9,75.6,100
2026-05-02T00:59:06.952Z,rotten_cooked_rice,rotten,cooked,rice,rotten cooked rice sample requested window,1365,5/2/2026 6:28:19,11,1143,125,34.9,75.6,100
2026-05-02T00:59:06.952Z,rotten_cooked_rice,rotten,cooked,rice,rotten cooked rice sample requested window,1366,5/2/2026 6:28:24,14,1139,121,34.9,75.7,100
2026-05-02T00:59:06.952Z,rotten_cooked_rice,rotten,cooked,rice,rotten cooked rice sample requested window,1367,5/2/2026 6:28:30,8,1141,119,35,75.6,100
2026-05-02T00:59:06.952Z,rotten_cooked_rice,rotten,cooked,rice,rotten cooked rice sample requested window,1368,5/2/2026 6:28:35,9,1142,121,34.9,75.5,100
2026-05-02T01:18:20.980Z,fresh_opened_chips,fresh,packaged,opened packet of chips,fresh opened packet of chips sample requested window,1511,5/2/2026 6:41:03,0,677,34,32.9,67.4,67.7
2026-05-02T01:18:20.980Z,fresh_opened_chips,fresh,packaged,opened packet of chips,fresh opened packet of chips sample requested window,1512,5/2/2026 6:41:08,0,671,41,32.9,67.2,67.10000000000001
2026-05-02T01:18:20.980Z,fresh_opened_chips,fresh,packaged,opened packet of chips,fresh opened packet of chips sample requested window,1513,5/2/2026 6:41:14,0,681,44,33.1,66.8,68.10000000000001
2026-05-02T01:18:20.980Z,fresh_opened_chips,fresh,packaged,opened packet of chips,fresh opened packet of chips sample requested window,1514,5/2/2026 6:41:20,0,669,36,33.1,66.7,66.9
2026-05-02T01:18:20.980Z,fresh_opened_chips,fresh,packaged,opened packet of chips,fresh opened packet of chips sample requested window,1515,5/2/2026 6:41:25,0,675,35,33.1,66.7,67.5
2026-05-02T01:18:20.980Z,fresh_opened_chips,fresh,packaged,opened packet of chips,fresh opened packet of chips sample requested window,1516,5/2/2026 6:41:30,0,679,42,33.2,66.6,67.9
2026-05-02T01:18:20.980Z,fresh_opened_chips,fresh,packaged,opened packet of chips,fresh opened packet of chips sample requested window,1517,5/2/2026 6:41:35,0,672,37,33.3,66.3,67.2
2026-05-02T01:18:20.980Z,fresh_opened_chips,fresh,packaged,opened packet of chips,fresh opened packet of chips sample requested window,1518,5/2/2026 6:41:41,0,676,40,33.4,66,67.60000000000001
2026-05-02T01:18:20.980Z,fresh_opened_chips,fresh,packaged,opened packet of chips,fresh opened packet of chips sample requested window,1519,5/2/2026 6:41:46,0,675,46,33.3,66.2,67.5
2026-05-02T01:18:20.980Z,fresh_opened_chips,fresh,packaged,opened packet of chips,fresh opened packet of chips sample requested window,1520,5/2/2026 6:41:51,0,672,44,33.3,65.8,67.2
2026-05-02T01:18:20.980Z,fresh_opened_chips,fresh,packaged,opened packet of chips,fresh opened packet of chips sample requested window,1521,5/2/2026 6:41:56,0,664,35,33.4,65.9,66.4
2026-05-02T01:18:20.980Z,fresh_opened_chips,fresh,packaged,opened packet of chips,fresh opened packet of chips sample requested window,1522,5/2/2026 6:42:01,0,674,45,33.5,66,67.4
2026-05-02T01:18:20.980Z,fresh_opened_chips,fresh,packaged,opened packet of chips,fresh opened packet of chips sample requested window,1523,5/2/2026 6:42:06,0,675,46,33.5,65.5,67.5
2026-05-02T01:18:20.980Z,fresh_opened_chips,fresh,packaged,opened packet of chips,fresh opened packet of chips sample requested window,1524,5/2/2026 6:42:10,0,679,42,33.5,65.2,67.9
2026-05-02T01:18:20.980Z,fresh_opened_chips,fresh,packaged,opened packet of chips,fresh opened packet of chips sample requested window,1525,5/2/2026 6:42:16,0,675,35,33.6,65.2,67.5
2026-05-02T01:18:20.980Z,fresh_opened_chips,fresh,packaged,opened packet of chips,fresh opened packet of chips sample requested window,1526,5/2/2026 6:42:20,0,677,39,33.7,65.1,67.7
2026-05-02T01:18:20.980Z,fresh_opened_chips,fresh,packaged,opened packet of chips,fresh opened packet of chips sample requested window,1527,5/2/2026 6:42:27,0,673,39,33.7,64.8,67.30000000000001
2026-05-02T01:18:20.980Z,fresh_opened_chips,fresh,packaged,opened packet of chips,fresh opened packet of chips sample requested window,1528,5/2/2026 6:42:52,0,688,37,33.8,64.1,68.8
2026-05-02T01:18:20.980Z,fresh_opened_chips,fresh,packaged,opened packet of chips,fresh opened packet of chips sample requested window,1529,5/2/2026 6:42:54,0,681,40,33.9,63.7,68.10000000000001
2026-05-02T01:18:20.980Z,fresh_opened_chips,fresh,packaged,opened packet of chips,fresh opened packet of chips sample requested window,1530,5/2/2026 6:42:59,0,681,37,33.9,63.8,68.10000000000001
2026-05-02T01:18:20.980Z,fresh_opened_chips,fresh,packaged,opened packet of chips,fresh opened packet of chips sample requested window,1531,5/2/2026 6:43:04,0,679,41,34,63.9,67.9
2026-05-02T01:18:20.980Z,fresh_opened_chips,fresh,packaged,opened packet of chips,fresh opened packet of chips sample requested window,1532,5/2/2026 6:43:11,0,681,35,34.1,63.5,68.10000000000001
2026-05-02T01:18:20.980Z,fresh_opened_chips,fresh,packaged,opened packet of chips,fresh opened packet of chips sample requested window,1533,5/2/2026 6:43:24,0,676,42,34.1,63.5,67.60000000000001
2026-05-02T01:18:20.980Z,fresh_opened_chips,fresh,packaged,opened packet of chips,fresh opened packet of chips sample requested window,1534,5/2/2026 6:43:41,0,673,42,34.3,63,67.30000000000001
2026-05-02T01:18:20.980Z,fresh_opened_chips,fresh,packaged,opened packet of chips,fresh opened packet of chips sample requested window,1535,5/2/2026 6:43:47,0,677,46,34.3,63.1,67.7
2026-05-02T01:18:20.980Z,fresh_opened_chips,fresh,packaged,opened packet of chips,fresh opened packet of chips sample requested window,1536,5/2/2026 6:43:52,0,679,41,34.4,62.7,67.9
2026-05-02T01:18:20.980Z,fresh_opened_chips,fresh,packaged,opened packet of chips,fresh opened packet of chips sample requested window,1537,5/2/2026 6:43:57,0,675,39,34.4,62.8,67.5
2026-05-02T01:18:20.980Z,fresh_opened_chips,fresh,packaged,opened packet of chips,fresh opened packet of chips sample requested window,1538,5/2/2026 6:44:03,0,674,45,34.4,62.7,67.4
2026-05-02T01:18:20.980Z,fresh_opened_chips,fresh,packaged,opened packet of chips,fresh opened packet of chips sample requested window,1539,5/2/2026 6:44:08,0,671,46,34.4,62.6,67.10000000000001
2026-05-02T01:18:20.980Z,fresh_opened_chips,fresh,packaged,opened packet of chips,fresh opened packet of chips sample requested window,1540,5/2/2026 6:44:13,0,674,38,34.5,62.2,67.4
2026-05-02T01:18:20.980Z,fresh_opened_chips,fresh,packaged,opened packet of chips,fresh opened packet of chips sample requested window,1541,5/2/2026 6:44:17,0,674,43,34.5,62.2,67.4
2026-05-02T01:18:20.980Z,fresh_opened_chips,fresh,packaged,opened packet of chips,fresh opened packet of chips sample requested window,1542,5/2/2026 6:44:22,0,672,33,34.6,61.8,67.2
2026-05-02T01:18:20.980Z,fresh_opened_chips,fresh,packaged,opened packet of chips,fresh opened packet of chips sample requested window,1543,5/2/2026 6:44:27,0,667,38,34.6,61.7,66.7
2026-05-02T01:18:20.980Z,fresh_opened_chips,fresh,packaged,opened packet of chips,fresh opened packet of chips sample requested window,1544,5/2/2026 6:44:33,0,679,39,34.6,61.4,67.9
2026-05-02T01:18:20.980Z,fresh_opened_chips,fresh,packaged,opened packet of chips,fresh opened packet of chips sample requested window,1545,5/2/2026 6:44:38,0,680,44,34.7,61.5,68
2026-05-02T01:18:20.980Z,fresh_opened_chips,fresh,packaged,opened packet of chips,fresh opened packet of chips sample requested window,1546,5/2/2026 6:44:42,0,677,44,34.7,61.3,67.7
2026-05-02T01:18:20.980Z,fresh_opened_chips,fresh,packaged,opened packet of chips,fresh opened packet of chips sample requested window,1547,5/2/2026 6:44:48,0,673,39,34.8,61.5,67.30000000000001
2026-05-02T01:18:20.980Z,fresh_opened_chips,fresh,packaged,opened packet of chips,fresh opened packet of chips sample requested window,1548,5/2/2026 6:44:53,0,675,38,34.8,61.3,67.5
2026-05-02T01:18:20.980Z,fresh_opened_chips,fresh,packaged,opened packet of chips,fresh opened packet of chips sample requested window,1549,5/2/2026 6:44:57,0,674,45,34.7,61.4,67.4
2026-05-02T01:18:20.980Z,fresh_opened_chips,fresh,packaged,opened packet of chips,fresh opened packet of chips sample requested window,1550,5/2/2026 6:45:02,0,674,42,34.7,61.1,67.4
2026-05-02T01:18:20.980Z,fresh_opened_chips,fresh,packaged,opened packet of chips,fresh opened packet of chips sample requested window,1551,5/2/2026 6:45:07,0,678,36,34.8,60.9,67.80000000000001
2026-05-02T01:18:20.980Z,fresh_opened_chips,fresh,packaged,opened packet of chips,fresh opened packet of chips sample requested window,1552,5/2/2026 6:45:12,0,674,42,34.9,61.1,67.4
2026-05-02T01:18:20.980Z,fresh_opened_chips,fresh,packaged,opened packet of chips,fresh opened packet of chips sample requested window,1553,5/2/2026 6:45:16,0,673,42,34.9,61,67.30000000000001
2026-05-02T01:18:20.980Z,fresh_opened_chips,fresh,packaged,opened packet of chips,fresh opened packet of chips sample requested window,1554,5/2/2026 6:45:22,0,665,30,34.9,60.8,66.5
2026-05-02T01:18:20.980Z,fresh_opened_chips,fresh,packaged,opened packet of chips,fresh opened packet of chips sample requested window,1555,5/2/2026 6:45:27,0,674,39,34.9,60.8,67.4
2026-05-02T01:18:20.980Z,fresh_opened_chips,fresh,packaged,opened packet of chips,fresh opened packet of chips sample requested window,1556,5/2/2026 6:45:32,0,673,40,35,60.9,67.30000000000001
2026-05-02T01:18:20.980Z,fresh_opened_chips,fresh,packaged,opened packet of chips,fresh opened packet of chips sample requested window,1557,5/2/2026 6:45:37,0,673,37,35,60.7,67.30000000000001
2026-05-02T01:18:20.980Z,fresh_opened_chips,fresh,packaged,opened packet of chips,fresh opened packet of chips sample requested window,1558,5/2/2026 6:45:42,0,673,38,35,60.5,67.30000000000001
2026-05-02T01:18:20.980Z,fresh_opened_chips,fresh,packaged,opened packet of chips,fresh opened packet of chips sample requested window,1559,5/2/2026 6:45:46,0,678,34,35,60.4,67.80000000000001
2026-05-02T01:18:20.980Z,fresh_opened_chips,fresh,packaged,opened packet of chips,fresh opened packet of chips sample requested window,1560,5/2/2026 6:45:51,0,670,46,35,60.5,67
2026-05-02T01:18:20.980Z,fresh_opened_chips,fresh,packaged,opened packet of chips,fresh opened packet of chips sample requested window,1561,5/2/2026 6:45:56,0,674,34,35.1,60.4,67.4
2026-05-02T01:18:20.980Z,fresh_opened_chips,fresh,packaged,opened packet of chips,fresh opened packet of chips sample requested window,1562,5/2/2026 6:46:01,0,665,37,35.1,60.3,66.5
2026-05-02T01:18:20.980Z,fresh_opened_chips,fresh,packaged,opened packet of chips,fresh opened packet of chips sample requested window,1563,5/2/2026 6:46:06,0,676,43,35.1,60.1,67.60000000000001
2026-05-02T01:18:20.980Z,fresh_opened_chips,fresh,packaged,opened packet of chips,fresh opened packet of chips sample requested window,1564,5/2/2026 6:46:10,0,678,33,35,60.1,67.80000000000001
2026-05-02T01:18:20.980Z,fresh_opened_chips,fresh,packaged,opened packet of chips,fresh opened packet of chips sample requested window,1565,5/2/2026 6:46:15,0,669,42,35.2,59.9,66.9
2026-05-02T01:18:20.980Z,fresh_opened_chips,fresh,packaged,opened packet of chips,fresh opened packet of chips sample requested window,1566,5/2/2026 6:46:20,0,669,38,35.2,60.2,66.9
2026-05-02T01:18:20.980Z,fresh_opened_chips,fresh,packaged,opened packet of chips,fresh opened packet of chips sample requested window,1567,5/2/2026 6:46:24,0,669,39,35.1,59.9,66.9
2026-05-02T01:18:20.980Z,fresh_opened_chips,fresh,packaged,opened packet of chips,fresh opened packet of chips sample requested window,1568,5/2/2026 6:46:29,0,675,41,35.2,59.9,67.5
2026-05-02T01:18:20.980Z,fresh_opened_chips,fresh,packaged,opened packet of chips,fresh opened packet of chips sample requested window,1569,5/2/2026 6:46:34,0,671,38,35.3,59.7,67.10000000000001
2026-05-02T01:18:20.980Z,fresh_opened_chips,fresh,packaged,opened packet of chips,fresh opened packet of chips sample requested window,1570,5/2/2026 6:46:39,0,670,39,35.3,59.9,67
2026-05-02T01:18:20.980Z,fresh_opened_chips,fresh,packaged,opened packet of chips,fresh opened packet of chips sample requested window,1571,5/2/2026 6:46:43,0,667,44,35.2,59.7,66.7
2026-05-02T01:18:20.980Z,fresh_opened_chips,fresh,packaged,opened packet of chips,fresh opened packet of chips sample requested window,1572,5/2/2026 6:46:48,0,667,44,35.3,59.8,66.7
2026-05-02T01:18:20.980Z,fresh_opened_chips,fresh,packaged,opened packet of chips,fresh opened packet of chips sample requested window,1573,5/2/2026 6:46:53,0,669,39,35.3,59.5,66.9
2026-05-02T01:18:20.980Z,fresh_opened_chips,fresh,packaged,opened packet of chips,fresh opened packet of chips sample requested window,1574,5/2/2026 6:46:58,0,659,37,35.4,59.6,65.9
